memb_ID,member_Name,address,memb_type,memb_join_date,ISBN
53-287-6301,Edgar Siney,195 Paget Avenue,Diamond,10.09.2020,20-903-9704
31-307-2582,Arte Calvey,83789 Clove Road,Gold,31.10.2021,92-352-0112
15-104-2453,Saree Swyre,107 Prairie Rose Hill,Gold,17.10.2023,20-732-4745
24-085-9090,Randell Bapty,9 Graceland Park,Diamond,23.04.2023,06-992-8087
39-402-9739,Kial Suggitt,25 Chive Drive,Bronze,11.01.2020,22-106-9106
33-834-5300,Wash Bartozzi,5824 Anhalt Hill,Diamond,15.05.2022,92-352-0112
10-387-8163,Shane Spurryer,038 Graedel Parkway,Bronze,19.07.2023,91-366-7061
22-330-8999,Duke Hogsden,8464 Buell Center,Platinum,10.07.2022,19-746-2096
80-025-7532,Alyson Jenner,51956 Bultman Alley,Silver,20.11.2023,57-171-5508
09-496-7653,Patrick Maciejewski,759 Kingsford Center,Silver,10.09.2022,46-912-9105
51-096-2377,Mignonne Crankshaw,169 Sloan Way,Gold,18.02.2022,82-617-0351
49-065-4825,Sherri Gambrell,8 4th Place,Diamond,12.02.2021,19-746-2096
40-516-7234,Emerson Fencott,9195 Kensington Avenue,Platinum,14.10.2023,10-052-3652
82-065-5948,Chicky Quaife,6254 Meadow Valley Park,Gold,02.03.2023,77-564-4687
69-055-8795,Lon Tamblyn,802 Westport Center,Gold,31.10.2023,47-804-9886
56-870-3694,Lu Rowcastle,6187 Grasskamp Junction,Bronze,23.04.2022,65-701-8749
43-895-5926,Colline Devaney,63 Reindahl Lane,Diamond,04.09.2020,63-156-9010
64-946-6034,Juanita Wolfindale,2 American Crossing,Platinum,17.07.2020,77-564-4687
94-005-6884,Freddy Coils,7 Washington Junction,Gold,18.11.2020,91-366-7061
50-016-0749,Lowrance Walduck,1 Moose Hill,Gold,04.02.2022,22-106-9106
34-225-5487,Ira Laming,4374 Summit Alley,Bronze,18.10.2019,57-171-5508
11-942-7223,Francesca Crosoer,539 Old Shore Trail,Silver,05.04.2021,82-617-0351
41-446-2882,Arielle Demaine,40702 Fairview Crossing,Platinum,15.11.2023,75-771-7839
73-557-2033,Jillene Melesk,7 Sauthoff Avenue,Diamond,02.05.2023,53-302-2977
99-199-4244,Lorrin Aspinal,25099 Arrowood Center,Gold,08.03.2022,71-960-0218
25-360-0699,Genny Matelaitis,9 Summit Terrace,Bronze,02.12.2021,62-141-6373
19-487-6167,Ketti Hiscoe,562 Meadow Ridge Crossing,Diamond,17.04.2022,92-352-0112
07-891-4558,Deva Habbergham,7 West Hill,Bronze,01.09.2019,20-903-9704
67-775-8958,Lane Rounsefull,587 Red Cloud Avenue,Gold,06.11.2019,48-761-2744
62-456-0779,Thorpe Chapman,2 Trailsway Park,Platinum,29.06.2021,20-732-4745
93-877-9847,Reginald Wintringham,90 Burrows Parkway,Platinum,14.06.2022,65-701-8749
03-671-5406,Brier Creane,650 Jay Hill,Bronze,19.07.2019,50-449-3730
26-523-5299,Tybalt Linnane,81802 Ilene Drive,Gold,04.05.2023,82-142-4856
16-747-3733,Elnora Barrow,896 Forest Dale Junction,Silver,13.03.2022,48-761-2744
61-186-8638,Letitia Sadd,9763 Chive Road,Bronze,11.08.2022,82-142-4856
43-353-6986,Chalmers Keys,5 Summer Ridge Road,Gold,20.07.2021,71-960-0218
87-450-4381,Rodolfo Elman,15527 Chinook Street,Platinum,26.05.2022,92-352-0112
69-074-7232,Chrissy Billinge,19835 Anderson Trail,Diamond,11.08.2022,25-833-9152
57-194-1964,Crin MacAlpyne,985 Calypso Drive,Gold,20.01.2020,75-771-7839
59-506-5457,Griz Matejovsky,42 Armistice Way,Bronze,18.10.2019,82-617-0351
95-578-7540,Sissy Gillebride,66839 Eastwood Park,Bronze,28.07.2023,71-960-0218
40-471-3933,Leila Croston,20742 Messerschmidt Drive,Gold,09.11.2019,75-771-7839
57-091-9422,Katrina World,52105 Rigney Circle,Diamond,20.09.2022,10-052-3652
31-116-4647,Viki Stedson,5656 Butterfield Crossing,Silver,08.12.2023,20-903-9704
39-877-4476,Gearalt Glashby,0233 Clarendon Avenue,Platinum,16.09.2021,12-905-6807
74-343-6589,Ida Fretwell,941 Sutteridge Way,Diamond,07.11.2019,65-701-8749
10-553-4692,Brock Adamov,6130 Anthes Trail,Silver,29.08.2021,91-366-7061
78-677-1828,Isa Rees,5530 Commercial Avenue,Platinum,29.12.2023,25-833-9152
77-643-9824,Ianthe Danieli,60 New Castle Street,Diamond,28.02.2023,62-141-6373
50-023-4552,Ravid Sandcroft,34262 Mccormick Place,Platinum,28.03.2023,22-106-9106
33-812-3711,Dena Ochiltree,08495 Evergreen Point,Diamond,11.07.2022,57-171-5508
76-303-1214,Raphael Kemetz,461 Redwing Lane,Bronze,19.07.2023,50-449-3730
23-815-9370,Claudine Boulding,8 Mcbride Drive,Diamond,05.11.2023,06-992-8087
12-110-1476,Ermentrude Gallaccio,59614 Swallow Plaza,Gold,28.04.2023,25-833-9152
20-574-2143,Zorina Chaimson,161 Meadow Ridge Terrace,Platinum,24.12.2021,62-141-6373
38-601-4062,Della Immer,00556 Welch Way,Gold,15.04.2020,74-974-1373
65-141-7285,Harley Salvati,01 Basil Street,Bronze,12.02.2023,46-912-9105
78-706-0075,Michell Buckney,487 Mandrake Lane,Gold,09.02.2022,82-617-0351
60-198-8599,Ninetta Ions,3453 Lake View Alley,Gold,28.04.2022,87-918-1937
26-795-5606,Steffi Kincey,8485 Ridgeview Street,Silver,07.04.2021,57-043-1883
88-950-5055,Doralynn Straughan,85321 Scott Way,Platinum,12.10.2019,75-771-7839
00-145-9641,Homerus O'Doogan,45539 Troy Way,Silver,02.05.2022,20-732-4745
56-890-0121,Arlina Croasdale,9 Chinook Drive,Platinum,31.05.2021,19-746-2096
80-744-6090,Jacinthe Tommen,5638 Dunning Plaza,Bronze,16.03.2023,06-992-8087
06-659-6387,Alexis Walburn,308 Sunnyside Trail,Diamond,15.08.2021,46-912-9105
56-113-4238,Had Brookes,72812 2nd Center,Gold,25.10.2021,77-564-4687
29-362-0119,Kilian Pedican,99 Service Circle,Silver,07.02.2021,20-732-4745
30-693-7510,Miles Pavitt,74 Rockefeller Alley,Silver,26.08.2021,53-302-2977
27-556-9188,Rory Gogin,22121 1st Park,Diamond,13.01.2023,25-833-9152
10-178-3192,Loleta Wilkerson,2 Bowman Street,Silver,22.05.2020,57-171-5508
05-283-1158,Bunnie Overstall,4 Dwight Drive,Diamond,21.02.2020,19-746-2096
14-374-1801,Kennie Lalor,7 Rowland Center,Platinum,05.11.2021,75-771-7839
23-629-6320,Darn Le Floch,8 2nd Street,Diamond,12.05.2022,65-701-8749
67-424-7170,Darlleen Bessey,3 Reinke Crossing,Bronze,19.09.2022,87-918-1937
38-989-9373,Jeffrey Gartland,3379 Daystar Street,Gold,05.09.2021,20-732-4745
56-813-6033,Alida Trusdale,61 Bunting Park,Platinum,28.12.2023,22-106-9106
26-255-9588,Bartholomeo Collicott,44 Stuart Avenue,Bronze,07.12.2019,77-564-4687
10-958-7513,Jarib Lello,86407 Eastwood Place,Platinum,10.08.2022,06-992-8087
24-480-9590,Humfrey Pallant,612 Tennyson Trail,Silver,28.03.2022,25-833-9152
26-422-1006,Staci Iacovielli,439 Forest Dale Parkway,Silver,16.09.2021,50-449-3730
23-835-2682,Hadrian Graser,31508 Carberry Center,Gold,12.03.2020,63-156-9010
41-105-6271,Melesa Folonin,8389 Colorado Avenue,Platinum,21.07.2019,20-903-9704
66-829-3953,Ceil Jorgensen,5066 Loeprich Alley,Silver,03.10.2022,92-352-0112
94-478-5524,Gibbie Hearfield,1793 Park Meadow Pass,Bronze,14.08.2022,48-761-2744
03-932-2352,Opal Vida,91 Summit Point,Gold,30.10.2023,87-918-1937
42-596-9686,Dagny Dran,655 Sachtjen Trail,Platinum,14.01.2021,63-156-9010
56-687-5157,Edith Shambroke,0016 Rieder Place,Bronze,23.03.2021,06-992-8087
54-805-0742,Rubin Collman,0692 Pankratz Avenue,Silver,04.02.2020,77-564-4687
85-072-2014,Bram Euels,9738 Bay Road,Gold,14.01.2020,74-974-1373
53-252-0771,Anthiathia De Caville,76 Maywood Way,Silver,20.04.2020,25-833-9152
99-246-3496,Genevieve Baglan,0 Swallow Center,Gold,08.10.2022,92-352-0112
64-334-8173,Amalea Gyngell,703 Iowa Way,Platinum,23.07.2022,25-833-9152
51-420-7179,Electra Culmer,02852 Cherokee Point,Silver,17.08.2019,57-171-5508
01-897-1833,Faunie Woolston,080 Prentice Junction,Gold,15.11.2023,87-918-1937
21-458-1057,Tawnya Treher,55433 Rigney Place,Platinum,12.03.2020,57-043-1883
39-854-7342,Brandie Vahey,91 Charing Cross Place,Gold,24.06.2023,12-905-6807
53-948-6534,Nariko Allmen,3437 Lukken Junction,Silver,08.06.2023,12-905-6807
08-141-9000,Elberta Guthrie,88019 Kings Crossing,Bronze,16.12.2021,91-366-7061
49-766-0123,Laurene Beranek,142 Dixon Plaza,Bronze,07.11.2020,01-224-6206
15-020-3012,Izak Lloyd-Williams,11 Bobwhite Point,Silver,12.08.2023,19-746-2096
,,,,,71-960-0218
,,,,,39-746-5336
,,,,,48-761-2744
,,,,,63-156-9010
,,,,,65-701-8749
,,,,,20-903-9704
,,,,,19-746-2096
,,,,,12-905-6807
,,,,,92-352-0112
,,,,,22-106-9106
,,,,,50-449-3730
,,,,,46-912-9105
,,,,,87-918-1937
,,,,,62-141-6373
,,,,,01-224-6206
,,,,,82-142-4856
,,,,,74-974-1373
,,,,,91-366-7061
,,,,,47-804-9886
,,,,,20-732-4745
,,,,,77-564-4687
,,,,,57-043-1883
,,,,,82-617-0351
,,,,,25-833-9152
,,,,,10-052-3652
,,,,,50-262-2947
,,,,,53-302-2977
,,,,,06-992-8087
,,,,,75-771-7839
,,,,,57-171-5508
